<?xml version="1.0" encoding="UTF-8" standalone="yes"?><eb:Messaging xmlns:eb="http://docs.oasis-open.org/ebxml-msg/ebms/v3.0/ns/core/200704/" xmlns:ns2="http://www.w3.org/2003/05/soap-envelope" ns2:mustUnderstand="true"><eb:UserMessage mpc="http://docs.oasis-open.org/ebxml-msg/ebms/v3.0/ns/core/200704/defaultMPC"><eb:MessageInfo><eb:Timestamp>2023-04-19T11:52:30.000Z</eb:Timestamp><eb:MessageId>1108a65a-82a2-40bf-81f2-8bbb99c113f0</eb:MessageId></eb:MessageInfo><eb:PartyInfo><eb:From><eb:PartyId type="urn:oasis:names:tc:ebcore:partyid-type:unregistered:oots-simulator">AP_SE_01</eb:PartyId><eb:Role>http://sdg.europa.eu/edelivery/gateway</eb:Role></eb:From><eb:To><eb:PartyId type="urn:oasis:names:tc:ebcore:partyid-type:unregistered:oots-simulator">harmony-org1</eb:PartyId><eb:Role>http://sdg.europa.eu/edelivery/gateway</eb:Role></eb:To></eb:PartyInfo><eb:CollaborationInfo><eb:Service type="urn:oasis:names:tc:ebcore:ebrs:ebms:binding:1.0">queryManager</eb:Service><eb:Action>ExecuteQueryRequest</eb:Action><eb:ConversationId>93406dbb-7957-49b8-ba1a-b66d92940bf5</eb:ConversationId></eb:CollaborationInfo><eb:MessageProperties><eb:Property name="finalRecipient">urn:oasis:names:tc:ebcore:partyid-type:unregistered:oots-evidence-provider:BR_SE_01</eb:Property><eb:Property name="originalSender">urn:oasis:names:tc:ebcore:partyid-type:unregistered:oots-simulator:C1</eb:Property></eb:MessageProperties><eb:PayloadInfo><eb:PartInfo href="cid:message_1"><eb:PartProperties><eb:Property name="MimeType">text/xml</eb:Property><eb:Property name="mimeContentId">cid:message_1</eb:Property><eb:Property name="FileName">fileNameLocation</eb:Property></eb:PartProperties></eb:PartInfo><eb:PartInfo href="cid:attachment2@example.oots.eu"><eb:PartProperties><eb:Property name="FileName">secondaryEducationEvidenceSample</eb:Property><eb:Property name="mimeContentId">cid:attachment2@example.oots.eu</eb:Property><eb:Property name="MimeType">application/pdf</eb:Property></eb:PartProperties></eb:PartInfo></eb:PayloadInfo></eb:UserMessage></eb:Messaging>