<?xml version="1.0" encoding="UTF-8" standalone="yes"?><eb:Messaging xmlns:eb="http://docs.oasis-open.org/ebxml-msg/ebms/v3.0/ns/core/200704/" xmlns:ns2="http://www.w3.org/2003/05/soap-envelope" ns2:mustUnderstand="true"><eb:UserMessage mpc="http://docs.oasis-open.org/ebxml-msg/ebms/v3.0/ns/core/200704/defaultMPC"><eb:MessageInfo><eb:Timestamp>2023-04-20T11:52:44.000Z</eb:Timestamp><eb:MessageId>91647356-fbf3-41ab-8fa4-d607c3facfe4</eb:MessageId></eb:MessageInfo><eb:PartyInfo><eb:From><eb:PartyId type="urn:oasis:names:tc:ebcore:partyid-type:unregistered:oots-simulator">AP_PT_01</eb:PartyId><eb:Role>http://sdg.europa.eu/edelivery/gateway</eb:Role></eb:From><eb:To><eb:PartyId type="urn:oasis:names:tc:ebcore:partyid-type:unregistered:oots-simulator">AP_IE_01</eb:PartyId><eb:Role>http://sdg.europa.eu/edelivery/gateway</eb:Role></eb:To></eb:PartyInfo><eb:CollaborationInfo><eb:Service type="urn:oasis:names:tc:ebcore:ebrs:ebms:binding:1.0">QueryManager</eb:Service><eb:Action>ExecuteQueryRequest</eb:Action><eb:ConversationId>51f37d37-04d2-44cb-93f4-5486071065e2</eb:ConversationId></eb:CollaborationInfo><eb:MessageProperties><eb:Property name="finalRecipient" type="urn:oasis:names:tc:ebcore:partyid-type:unregistered:oots-evidence-provider">BR_IE_01</eb:Property><eb:Property name="originalSender" type="urn:cef.eu:names:identifier:EAS:9946">9988b2b6-a23b-41d7-b373-7160e2190b38</eb:Property></eb:MessageProperties><eb:PayloadInfo><eb:PartInfo href="cid:regrep"><eb:PartProperties><eb:Property name="MimeType">application/x-ebrs+xml</eb:Property><eb:Property name="PayloadName">queryRequest.xml</eb:Property></eb:PartProperties></eb:PartInfo></eb:PayloadInfo></eb:UserMessage></eb:Messaging>