<query:QueryRequest xmlns:xsi="http://www.w3.org/2001/XMLSchema-instance" xmlns:rs="urn:oasis:names:tc:ebxml-regrep:xsd:rs:4.0" xmlns:rim="urn:oasis:names:tc:ebxml-regrep:xsd:rim:4.0" xmlns:sdg="http://data.europa.eu/p4s" xmlns:query="urn:oasis:names:tc:ebxml-regrep:xsd:query:4.0" xmlns:xlink="http://www.w3.org/1999/xlink" xmlns:xml="http://www.w3.org/XML/1998/namespace" xmlns:xmime="http://www.w3.org/2005/05/xmlmime" id="urn:uuid:20cbd00b-6cc4-48a0-b949-156f05d00c12">
  <rim:Slot name="SpecificationIdentifier">
    <rim:SlotValue xsi:type="rim:StringValueType">
      <rim:Value>oots-edm:v1.0</rim:Value>
    </rim:SlotValue>
  </rim:Slot>
  <rim:Slot name="IssueDateTime">
    <rim:SlotValue xsi:type="rim:DateTimeValueType">
      <rim:Value>2023-04-20T12:52:44.3438434+01:00</rim:Value>
    </rim:SlotValue>
  </rim:Slot>
  <rim:Slot name="Procedure">
    <rim:SlotValue xsi:type="rim:InternationalStringValueType">
      <rim:Value>
        <rim:LocalizedString xml:lang="EN" value="T1" />
      </rim:Value>
    </rim:SlotValue>
  </rim:Slot>
  <rim:Slot name="PossibilityForPreview">
    <rim:SlotValue xsi:type="rim:BooleanValueType">
      <rim:Value>false</rim:Value>
    </rim:SlotValue>
  </rim:Slot>
  <rim:Slot name="ExplicitRequestGiven">
    <rim:SlotValue xsi:type="rim:BooleanValueType">
      <rim:Value>true</rim:Value>
    </rim:SlotValue>
  </rim:Slot>
  <rim:Slot name="Requirements">
    <rim:SlotValue xsi:type="rim:CollectionValueType" collectionType="urn:oasis:names:tc:ebxml-regrep:CollectionType:Set">
      <rim:Element xsi:type="rim:AnyValueType">
        <sdg:Requirement>
          <sdg:Identifier>https://sr.oots.tech.europa.eu/requirements/9196feb5-a88f-488d-8aad-7842cf64d1ac</sdg:Identifier>
          <sdg:Name lang="EN">Proof of secondary education diploma/certificateProof of tertiary education diploma/certificate/degreeProof of Residence</sdg:Name>
        </sdg:Requirement>
      </rim:Element>
    </rim:SlotValue>
  </rim:Slot>
  <rim:Slot name="EvidenceRequester">
    <rim:SlotValue xsi:type="rim:CollectionValueType">
      <rim:Element xsi:type="rim:AnyValueType">
        <sdg:Agent>
          <sdg:Identifier schemeID="urn:cef.eu:names:identifier:EAS:9946">9988b2b6-a23b-41d7-b373-7160e2190b38</sdg:Identifier>
          <sdg:Name lang="EN">Universidade de Portugal</sdg:Name>
          <sdg:Classification>ER</sdg:Classification>
        </sdg:Agent>
      </rim:Element>
    </rim:SlotValue>
  </rim:Slot>
  <rim:Slot name="EvidenceProvider">
    <rim:SlotValue xsi:type="rim:AnyValueType">
      <sdg:Agent>
        <sdg:Identifier schemeID="urn:cef.eu:names:identifier:EAS:0060">BR_IE_01</sdg:Identifier>
        <sdg:Name lang="EN">IE Ministry of the Projectathon</sdg:Name>
      </sdg:Agent>
    </rim:SlotValue>
  </rim:Slot>
  <query:ResponseOption returnType="LeafClassWithRepositoryItem" />
  <query:Query queryDefinition="DocumentQuery">
    <rim:Slot name="NaturalPerson">
      <rim:SlotValue xsi:type="rim:AnyValueType">
        <sdg:Person>
          <sdg:LevelOfAssurance>High</sdg:LevelOfAssurance>
          <sdg:Identifier schemeID="eidas">PT/IE/123456789</sdg:Identifier>
          <sdg:FamilyName>Smith</sdg:FamilyName>
          <sdg:GivenName>Jack</sdg:GivenName>
          <sdg:DateOfBirth>1999-03-01</sdg:DateOfBirth>
        </sdg:Person>
      </rim:SlotValue>
    </rim:Slot>
    <rim:Slot name="EvidenceRequest">
      <rim:SlotValue xsi:type="rim:AnyValueType">
        <sdg:DataServiceEvidenceType>
          <sdg:Identifier>74e7c0d7-f72a-4e02-93f4-c501ed324b95</sdg:Identifier>
          <sdg:EvidenceTypeClassification>https://sr.oots.tech.europa.eu/evidencetypeclassifications/EU/c10047cd-f02b-4cf2-b337-de2a0d24ce4f</sdg:EvidenceTypeClassification>
          <sdg:Title lang="EN">EU-Wide Secondary School Education completion</sdg:Title>
          <sdg:DistributedAs>
            <sdg:Format>application/pdf</sdg:Format>
          </sdg:DistributedAs>
        </sdg:DataServiceEvidenceType>
      </rim:SlotValue>
    </rim:Slot>
  </query:Query>
</query:QueryRequest>