<?xml version="1.0" encoding="UTF-8" standalone="yes"?><eb:Messaging xmlns:eb="http://docs.oasis-open.org/ebxml-msg/ebms/v3.0/ns/core/200704/" xmlns:ns2="http://www.w3.org/2003/05/soap-envelope" ns2:mustUnderstand="true"><eb:UserMessage mpc="http://docs.oasis-open.org/ebxml-msg/ebms/v3.0/ns/core/200704/defaultMPC"><eb:MessageInfo><eb:Timestamp>2023-04-21T09:26:45.000Z</eb:Timestamp><eb:MessageId>a1d20c9e-e026-11ed-a8d8-22c2150aa3fb@rinis.nl</eb:MessageId></eb:MessageInfo><eb:PartyInfo><eb:From><eb:PartyId type="urn:oasis:names:tc:ebcore:partyid-type:unregistered:oots-simulator">nl_test_ap</eb:PartyId><eb:Role>http://sdg.europa.eu/edelivery/gateway</eb:Role></eb:From><eb:To><eb:PartyId type="urn:oasis:names:tc:ebcore:partyid-type:unregistered:oots-simulator">AP_SE_01</eb:PartyId><eb:Role>http://sdg.europa.eu/edelivery/gateway</eb:Role></eb:To></eb:PartyInfo><eb:CollaborationInfo><eb:Service type="urn:oasis:names:tc:ebcore:ebrs:ebms:binding:1.0">queryManager</eb:Service><eb:Action>ExecuteQueryRequest</eb:Action><eb:ConversationId>b5974cac-e5a4-4042-88e6-9068bb131c92</eb:ConversationId></eb:CollaborationInfo><eb:MessageProperties><eb:Property name="finalRecipient">urn:oasis:names:tc:ebcore:partyid-type:unregistered:oots-simulator:C1</eb:Property><eb:Property name="originalSender">urn:oasis:names:tc:ebcore:partyid-type:unregistered:oots-evidence-provider:BR_NL_01</eb:Property></eb:MessageProperties><eb:PayloadInfo><eb:PartInfo href="cid:message"><eb:PartProperties><eb:Property name="MimeType">text/xml</eb:Property></eb:PartProperties></eb:PartInfo><eb:PartInfo href="cid:attachment@rinis.eu"><eb:PartProperties><eb:Property name="MimeType">application/pdf</eb:Property></eb:PartProperties></eb:PartInfo></eb:PayloadInfo></eb:UserMessage></eb:Messaging>