<?xml version="1.0" encoding="UTF-8"?>
<query:QueryResponse xmlns:query="urn:oasis:names:tc:ebxml-regrep:xsd:query:4.0"
                     xmlns:rim="urn:oasis:names:tc:ebxml-regrep:xsd:rim:4.0"
                     xmlns:sdg="http://data.europa.eu/p4s"
                     xmlns:xlink="http://www.w3.org/1999/xlink"
                     xmlns:xsi="http://www.w3.org/2001/XMLSchema-instance"
                     status="urn:oasis:names:tc:ebxml-regrep:ResponseStatusType:Success"
                     requestId="urn:uuid:4ffb5281-179d-4578-adf2-39fd13ccc797">
   <rim:Slot name="SpecificationIdentifier">
      <rim:SlotValue xsi:type="rim:StringValueType">
         <rim:Value>oots-edm:v1.0</rim:Value>
      </rim:SlotValue>
   </rim:Slot>
   <rim:Slot name="EvidenceResponseIdentifier">
      <rim:SlotValue xsi:type="rim:StringValueType">
         <rim:Value>e99bc70e-1388-4e8b-b68a-c9ccd2e97acf</rim:Value>
      </rim:SlotValue>
   </rim:Slot>
   <rim:Slot name="IssueDateTime">
      <rim:SlotValue xsi:type="rim:DateTimeValueType">
         <rim:Value>2023-03-30T10:20:30+01:00</rim:Value>
      </rim:SlotValue>
   </rim:Slot>
   <rim:Slot name="EvidenceProvider">
      <rim:SlotValue xsi:type="rim:CollectionValueType">
         <rim:Element xsi:type="rim:AnyValueType">
            <sdg:Agent>
               <sdg:Identifier schemeID="urn:cef.eu:names:identifier:EAS:0204">02-SchoolAuthority-34</sdg:Identifier>
               <sdg:Name lang="EN">Authority for school and occupational training</sdg:Name>
               <sdg:Classification>IP</sdg:Classification>
            </sdg:Agent>
         </rim:Element>
      </rim:SlotValue>
   </rim:Slot>
   <rim:Slot name="EvidenceRequester">
      <rim:SlotValue xsi:type="rim:AnyValueType">
         <sdg:Agent>
            <sdg:Identifier schemeID="urn:cef.eu:names:identifier:EAS:0190">NL222332239</sdg:Identifier>
            <sdg:Name lang="EN">University of Amsterdam</sdg:Name>
         </sdg:Agent>
      </rim:SlotValue>
   </rim:Slot>
   <rim:RegistryObjectList>
      <rim:RegistryObject xsi:type="rim:ExtrinsicObjectType"
                          id="urn:uuid:07da527a-246e-4698-ae61-091dda5381f7">
         <rim:Slot name="EvidenceMetadata">
            <rim:SlotValue xsi:type="rim:AnyValueType">
               <sdg:Evidence>
                  <sdg:Identifier>59f098d4-8afe-4ac2-9197-b8fe9e1c2c85</sdg:Identifier>
                  <sdg:IsAbout>
                     <sdg:NaturalPerson>
                        <sdg:FamilyName>Smith</sdg:FamilyName>
                        <sdg:GivenName>Jack</sdg:GivenName>
                        <sdg:DateOfBirth>1999-03-01</sdg:DateOfBirth>
                     </sdg:NaturalPerson>
                  </sdg:IsAbout>
                  <sdg:IssuingAuthority>
                     <sdg:Identifier schemeID="urn:cef.eu:names:identifier:EAS:0204">02-SchoolAuthority-34</sdg:Identifier>
                     <sdg:Name lang="EN">Authority for school and occupational training</sdg:Name>
                  </sdg:IssuingAuthority>
                  <sdg:IsConformantTo>
                     <sdg:EvidenceTypeClassification>https://sr.oots.tech.europa.eu/evidencetypeclassifications/EU/b6a49e54-8b3c-4688-acad-380440dc5962</sdg:EvidenceTypeClassification>
                     <sdg:Title lang="EN">EU-Wide Diploma/Bachelor's Degree</sdg:Title>
                  </sdg:IsConformantTo>
                  <sdg:IssuingDate>2019-06-30</sdg:IssuingDate>
                  <sdg:Distribution>
                     <sdg:Format>application/pdf</sdg:Format>
                     <sdg:Language>NL</sdg:Language>
                  </sdg:Distribution>
               </sdg:Evidence>
            </rim:SlotValue>
         </rim:Slot>
         <rim:RepositoryItemRef xlink:href="cid:attachment@rinis.eu"
                                xlink:title="EU-Wide Diploma/Bachelor's Degree"/>
      </rim:RegistryObject>
   </rim:RegistryObjectList>
</query:QueryResponse>
